{
  "passband_dB": 15.124954268684288,
  "n_poles": 5,
  "n_zeros": 3,
  "closedloop_poles_fn_hz": [
    601.9596017247691,
    150717.20966255365,
    150717.20966255365,
    51071940.52461221,
    51071940.52461221
  ],
  "closedloop_Q": [
    0.7075753618232767,
    5.442501675672871
  ],
  "hf_pair_fn_MHz": 4.301559709346957,
  "hf_pair_Q": 0.5014764893806385,
  "loopgain_poles_fn_hz": [
    906.3814616833008,
    143198.84686885856,
    143198.84686885856,
    4301559.7093469575,
    4301559.7093469575
  ],
  "R_phz_ohm": 420.33495329495173,
  "compensated_Q": 0.70023286588584,
  "rms_onoise_V": 7.484112714330239e-06
}